<?xml version="1.0" encoding="UTF-8"?>

<beans xmlns="http://www.springframework.org/schema/beans"

	xmlns:xsi="http://www.w3.org/2001/XMLSchema-instance"

	xsi:schemaLocation="http://www.springframework.org/schema/beans

https://www.springframework.org/schema/beans/spring-beans.xsd">

	<bean id="country" class="com.cognizant.day2Session4REST.day2Session4REST.Country" scope="prototype">
		<property name="code" value="IN" />
		<property name="name" value="India" />
	</bean>

	<bean id="countryList" class="java.util.ArrayList">
		<constructor-arg>
			<list>
				<ref bean="in"></ref>
				<ref bean="us"></ref>
				<ref bean="de"></ref>
				<ref bean="jp"></ref>
			</list>
		</constructor-arg>
	</bean>
	
	<bean id="in" class="com.cognizant.day2Session4REST.day2Session4REST.Country">
		<property name="code" value="IN" />
		<property name="name" value="India" />
	</bean>
	<bean id="us" class="com.cognizant.day2Session4REST.day2Session4REST.Country">
		<property name="code" value="US" />
		<property name="name" value="United States of America" />
	</bean>
	<bean id="de" class="com.cognizant.day2Session4REST.day2Session4REST.Country">
		<property name="code" value="De" />
		<property name="name" value="Denmark" />
	</bean>
	<bean id="jp" class="com.cognizant.day2Session4REST.day2Session4REST.Country">
		<property name="code" value="JP" />
		<property name="name" value="Japan" />
	</bean>

</beans>