<?xml version="1.0" encoding="UTF-8"?>
<beans xmlns="http://www.springframework.org/schema/beans"
	xmlns:xsi="http://www.w3.org/2001/XMLSchema-instance"
	xsi:schemaLocation="http://www.springframework.org/schema/beans 
	https://www.springframework.org/schema/beans/spring-beans.xsd">
	
	<bean id="departmentList" class="java.util.ArrayList">
		<constructor-arg>
			<list>
				<ref bean="dev"></ref>
				<ref bean="net"></ref>
				<ref bean="test"></ref>
			</list>
		</constructor-arg>
	</bean>
	
	<bean id="dev" class="com.cognizant.day2Session1Rest.Department">
		<property name="code" value="dev"/>
		<property name="name" value="Development"/>
	</bean>
	
	<bean id="net" class="com.cognizant.day2Session1Rest.Department">
		<property name="code" value="net"/>
		<property name="name" value="Networking"/>
	</bean>
	
	<bean id="test" class="com.cognizant.day2Session1Rest.Department">
		<property name="code" value="test"/>
		<property name="name" value="Testing"/>
	</bean>
	
	
	<bean id="employeeList" class="java.util.ArrayList">
		<constructor-arg>
			<list>
				<ref bean="emp1"></ref>
				<ref bean="emp2"></ref>
				<ref bean="emp3"></ref>
				<ref bean="emp4"></ref>
			</list>
		</constructor-arg>
	</bean>
	<bean id="emp1" class="com.cognizant.day2Session1Rest.Employee">
		<property name="id" value="123"/>
		<property name="name" value="Gowshik"/>
		<property name="salary" value="60000"/>
		<property name="doB" value="13/10/1998"/>
		<property name="email" value="kgowshik@gmail.com"/>
		<property name="department"><ref bean="dev"/></property>
	</bean>
	
	<bean id="emp2" class="com.cognizant.day2Session1Rest.Employee">
		<property name="id" value="234"/>
		<property name="name" value="Jagajeet"/>
		<property name="salary" value="70000"/>
		<property name="doB" value="25/06/1999"/>
		<property name="email" value="jaga@gmail.com"/>
		<property name="department"><ref bean="net"/></property>
	</bean>
	
	<bean id="emp3" class="com.cognizant.day2Session1Rest.Employee">
		<property name="id" value="356"/>
		<property name="name" value="Vamsi"/>
		<property name="salary" value="85000"/>
		<property name="doB" value="19/12/1999"/>
		<property name="email" value="vamsi@gmail.com"/>
		<property name="department"><ref bean="dev"/></property>
	</bean>
	
	<bean id="emp4" class="com.cognizant.day2Session1Rest.Employee">
		<property name="id" value="465"/>
		<property name="name" value="hari"/>
		<property name="salary" value="40000"/>
		<property name="doB" value="23/07/1999"/>
		<property name="email" value="hari@gmail.com"/>
		<property name="department"><ref bean="test"/></property>
	</bean>
	
	
</beans>